Number,Time
2,7.2917280197143555
4,30.68779993057251
6,71.14227199554443
8,127.8431990146637
10,199.0494110584259
12,288.2445738315582
14,404.94520711898804
16,514.7824139595032
