Number,Time
2,7.2917280197143555
4,30.68779993057251
6,71.14227199554443
8,127.8431990146637
10,199.0494110584259
12,288.2445738315582
14,404.94520711898804
16,514.7824139595032
18,654.4840931892395
20,1314.8083491325378
22,2631.768774986267
24,1162.5429587364197
26,1345.1664152145386
28,18842.928726911545
30,2861.7940158843994
